{
  "strategy": "cosine",
  "total_budget": 1200000,
  "num_layers": 24,
  "num_heads": 16,
  "importance_per_layer": [
    0.01797189697241175,
    0.02363972075474563,
    0.021198989030642434,
    0.024712931116422032,
    0.02188927049820244,
    0.037286939452855994,
    0.0248700450628232,
    0.0273795466392468,
    0.02358125830307989,
    0.050411739486914464,
    0.08022164557224665,
    0.22933001831555977,
    0.20338683220056386,
    0.2434973460741532,
    0.3855591087005077,
    0.15924048675940583,
    0.12042141549098184,
    0.12817416298083772,
    0.058045081832470036,
    0.1027678737273583,
    0.07181996771922483,
    0.14441407231184156,
    0.0737352666946558,
    0.22564227886689014
  ],
  "proportions": [
    0.03441585227847099,
    0.0348081961274147,
    0.034638695418834686,
    0.03488298878073692,
    0.03468654677271843,
    0.03577135130763054,
    0.0348939523100853,
    0.03506952524185181,
    0.03480412811040878,
    0.03672276437282562,
    0.03897875174880028,
    0.05252206698060036,
    0.04986638203263283,
    0.05403154715895653,
    0.07178615778684616,
    0.04565231874585152,
    0.042242057621479034,
    0.0429021418094635,
    0.03728770464658737,
    0.04077663645148277,
    0.03832925483584404,
    0.04431847110390663,
    0.038476359099149704,
    0.052136123180389404
  ],
  "budgets_per_layer": [
    41299,
    41769,
    41566,
    41859,
    41623,
    42925,
    41872,
    42083,
    41764,
    44067,
    46774,
    63026,
    59839,
    64837,
    86156,
    54782,
    50690,
    51482,
    44745,
    48931,
    45995,
    53182,
    46171,
    62563
  ],
  "temperature": 0.5,
  "cos_sim_per_layer": [
    0.9820281030275883,
    0.9763602792452544,
    0.9788010109693576,
    0.975287068883578,
    0.9781107295017976,
    0.962713060547144,
    0.9751299549371768,
    0.9726204533607532,
    0.9764187416969201,
    0.9495882605130855,
    0.9197783544277534,
    0.7706699816844402,
    0.7966131677994361,
    0.7565026539258468,
    0.6144408912994923,
    0.8407595132405942,
    0.8795785845090182,
    0.8718258370191623,
    0.94195491816753,
    0.8972321262726417,
    0.9281800322807752,
    0.8555859276881584,
    0.9262647333053442,
    0.7743577211331099
  ]
}